{"stat.chestOpened":3,"stat.pickup.minecraft.bone":1,"stat.pickup.minecraft.gravel":4,"stat.leaveGame":2,"stat.pickup.minecraft.arrow":2,"stat.pickup.minecraft.stone_pickaxe":3,"stat.jump":773,"stat.swimOneCm":13485,"stat.pickup.minecraft.coal":34,"stat.fallOneCm":11731,"stat.useItem.minecraft.planks":76,"stat.pickup.minecraft.iron_ingot":21,"stat.craftItem.minecraft.torch":32,"stat.craftItem.minecraft.iron_ingot":11,"stat.craftItem.minecraft.chest":1,"stat.pickup.minecraft.dirt":256,"stat.useItem.minecraft.dirt":70,"stat.useItem.minecraft.stone_slab2":13,"achievement.exploreAllBiomes":{"value":0,"progress":["Birch Forest Hills","Beach","Birch Forest"]},"stat.craftingTableInteraction":14,"stat.pickup.minecraft.iron_ore":29,"stat.pickup.minecraft.sand":16,"stat.craftItem.minecraft.furnace":1,"stat.damageTaken":865,"stat.pickup.minecraft.leather":1,"stat.craftItem.minecraft.stone_pickaxe":1,"stat.mineBlock.minecraft.furnace":1,"stat.useItem.minecraft.wooden_pickaxe":60,"stat.pickup.minecraft.shears":1,"stat.pickup.minecraft.cobblestone":95,"stat.pickup.minecraft.planks":54,"stat.craftItem.minecraft.stone_sword":1,"stat.flyOneCm":3080,"stat.mineBlock.minecraft.sand":4,"stat.mineBlock.minecraft.gravel":4,"stat.useItem.minecraft.stone_pickaxe":61,"stat.useItem.minecraft.stone_sword":3,"stat.damageDealt":329,"stat.mineBlock.minecraft.iron_ore":29,"stat.sleepInBed":2,"stat.timeSinceDeath":15428,"stat.killEntity.Cow":1,"stat.mineBlock.minecraft.dirt":90,"stat.useItem.minecraft.iron_pickaxe":45,"stat.craftItem.minecraft.wooden_pickaxe":1,"stat.craftItem.minecraft.birch_door":3,"stat.walkOneCm":201396,"stat.craftItem.minecraft.bed":1,"stat.useItem.minecraft.torch":25,"stat.pickup.minecraft.stick":4,"stat.pickup.minecraft.wooden_axe":2,"stat.pickup.minecraft.crafting_table":1,"stat.pickup.minecraft.wooden_shovel":2,"stat.craftItem.minecraft.crafting_table":1,"stat.furnaceInteraction":3,"stat.pickup.galacticraftcore.basic_block_core":29,"stat.mineBlock.minecraft.coal_ore":22,"stat.pickup.minecraft.log":81,"stat.mineBlock.galacticraftcore.basic_block_core":25,"stat.pickup.minecraft.iron_pickaxe":2,"stat.pickup.minecraft.beef":3,"stat.pickup.minecraft.furnace":1,"stat.entityKilledBy.Skeleton":2,"stat.pickup.minecraft.stone":2,"achievement.mineWood":31,"stat.pickup.minecraft.sapling":33,"stat.sprintOneCm":3938,"stat.craftItem.minecraft.stick":20,"stat.craftItem.minecraft.wooden_axe":1,"stat.useItem.minecraft.birch_door":2,"stat.killEntity.Skeleton":2,"achievement.openInventory":22,"stat.craftItem.minecraft.planks":96,"stat.mineBlock.minecraft.crafting_table":1,"stat.useItem.minecraft.wooden_shovel":25,"stat.mobKills":3,"stat.mineBlock.minecraft.log":32,"stat.craftItem.minecraft.shears":1,"stat.mineBlock.minecraft.planks":33,"stat.deaths":3,"stat.mineBlock.minecraft.leaves":60,"stat.playOneMinute":57366,"stat.craftItem.minecraft.wooden_shovel":1,"stat.pickup.minecraft.birch_door":1,"stat.pickup.minecraft.torch":51,"stat.craftItem.minecraft.iron_pickaxe":1,"stat.pickup.minecraft.wool":3,"stat.useItem.minecraft.wooden_axe":46,"stat.mineBlock.minecraft.stone":88,"stat.diveOneCm":33,"stat.breakItem.minecraft.wooden_pickaxe":1}