{"stat.pickup.minecraft.bone":1,"stat.leaveGame":5,"stat.pickup.minecraft.stone_pickaxe":3,"stat.pickup.minecraft.flint":1,"stat.swimOneCm":14089,"stat.useItem.minecraft.planks":76,"stat.useItem.minecraft.dirt":71,"stat.useItem.minecraft.stone_slab2":13,"achievement.exploreAllBiomes":{"value":0,"progress":["Birch Forest Hills","Beach","Birch Forest","River"]},"stat.pickup.minecraft.sand":57,"stat.craftItem.minecraft.furnace":2,"stat.craftItem.minecraft.stone_pickaxe":1,"stat.pickup.minecraft.shears":1,"stat.pickup.minecraft.cobblestone":103,"stat.craftItem.minecraft.stone_sword":1,"stat.flyOneCm":3106,"stat.mineBlock.minecraft.sand":50,"stat.craftItem.minecraft.wooden_slab":6,"stat.mineBlock.minecraft.iron_ore":29,"stat.timeSinceDeath":30240,"stat.useItem.minecraft.iron_pickaxe":49,"stat.craftItem.minecraft.wooden_pickaxe":1,"stat.craftItem.minecraft.birch_door":3,"stat.craftItem.minecraft.bed":1,"stat.pickup.minecraft.wooden_axe":3,"stat.pickup.minecraft.wooden_shovel":2,"stat.furnaceInteraction":7,"stat.pickup.galacticraftcore.basic_block_core":29,"stat.mineBlock.minecraft.coal_ore":22,"stat.pickup.minecraft.beef":3,"stat.pickup.minecraft.furnace":1,"stat.entityKilledBy.Skeleton":2,"achievement.mineWood":31,"stat.sprintOneCm":3938,"stat.craftItem.minecraft.stick":20,"stat.craftItem.minecraft.wooden_axe":1,"achievement.openInventory":31,"stat.useItem.minecraft.flint_and_steel":4,"stat.mineBlock.minecraft.crafting_table":2,"stat.useItem.minecraft.wooden_shovel":25,"stat.mineBlock.minecraft.planks":33,"stat.deaths":3,"stat.drop":1,"stat.playOneMinute":72178,"stat.craftItem.minecraft.wooden_shovel":1,"stat.pickup.minecraft.birch_door":1,"stat.craftItem.minecraft.iron_pickaxe":1,"stat.mineBlock.minecraft.tallgrass":1,"stat.diveOneCm":279,"stat.chestOpened":8,"stat.pickup.minecraft.gravel":6,"stat.pickup.minecraft.arrow":2,"stat.craftItem.minecraft.coal":6,"stat.jump":974,"stat.pickup.minecraft.coal":34,"stat.fallOneCm":15635,"stat.pickup.minecraft.iron_ingot":21,"stat.crouchOneCm":123,"stat.craftItem.minecraft.torch":32,"stat.craftItem.minecraft.iron_ingot":13,"stat.craftItem.minecraft.chest":1,"stat.pickup.minecraft.dirt":258,"stat.craftingTableInteraction":17,"stat.pickup.minecraft.iron_ore":29,"stat.craftItem.minecraft.flint_and_steel":1,"stat.damageTaken":955,"stat.pickup.minecraft.leather":1,"stat.mineBlock.minecraft.furnace":1,"stat.useItem.minecraft.wooden_pickaxe":60,"stat.useItem.minecraft.furnace":1,"stat.pickup.minecraft.planks":65,"stat.mineBlock.minecraft.gravel":7,"stat.craftItem.mfs.MC172":1,"stat.useItem.minecraft.stone_pickaxe":61,"stat.useItem.minecraft.stone_sword":3,"stat.damageDealt":329,"stat.sleepInBed":3,"stat.killEntity.Cow":1,"stat.mineBlock.minecraft.dirt":92,"stat.useItem.minecraft.crafting_table":1,"stat.walkOneCm":256587,"stat.useItem.minecraft.torch":25,"stat.pickup.minecraft.stick":4,"stat.pickup.minecraft.crafting_table":2,"stat.craftItem.minecraft.crafting_table":1,"stat.pickup.minecraft.log":81,"stat.mineBlock.galacticraftcore.basic_block_core":25,"stat.pickup.minecraft.iron_pickaxe":2,"stat.pickup.minecraft.stone":2,"stat.pickup.minecraft.sapling":33,"stat.useItem.minecraft.birch_door":2,"stat.killEntity.Skeleton":2,"stat.craftItem.minecraft.planks":112,"stat.mobKills":3,"stat.mineBlock.minecraft.log":32,"stat.craftItem.minecraft.shears":1,"stat.mineBlock.minecraft.leaves":65,"stat.pickup.minecraft.torch":51,"stat.sneakTime":33,"stat.pickup.minecraft.wool":3,"stat.useItem.minecraft.wooden_axe":47,"stat.mineBlock.minecraft.stone":88,"stat.drop.minecraft.wooden_axe":1,"stat.breakItem.minecraft.wooden_pickaxe":1}